https://static.wixstatic.com/media/b99928_29a4cf960a4e4a0283a80fd6562ac0cd~mv2.jpeg	36cfa47f-51b4-492b-8287-5e770af135fd.jpeg
https://static.wixstatic.com/media/b99928_5a996a196dfa41f08433f14a789e99fd~mv2.jpg	ai-generated-IMAGE.jpg
https://static.wixstatic.com/media/b99928_610058862ab541dfaaa7b12ead80c5a7~mv2.png	logo.png
https://static.wixstatic.com/media/b99928_80a668776fb84ff9919d49cba1394994~mv2.jpeg	IMG_3880.jpeg
https://static.wixstatic.com/media/b99928_d2622b2a02fc4f6f971b3a70e0c63802~mv2.png	41EF8F47-DD0E-4CD0-A047-6398218CAEB3.png
https://static.wixstatic.com/media/b99928_d3004220c4fb42cf902e0a5cafd4e503~mv2.jpeg	IMG_3876.jpeg
https://static.wixstatic.com/media/b99928_e08bd1de02784259b337db0fcc65fc61~mv2.jpeg	IMG_3877.jpeg
https://static.wixstatic.com/media/b99928_e60aaa6fdaa944728dc3fe0a61908b77~mv2.jpeg	d94779d3-2ccc-4489-9387-c0128cffe4fd.jpeg
https://static.wixstatic.com/media/11062b_a7fd41d75482484ca10a04dd7e5b0c63~mv2.jpg	Organizando%20informaci%C3%B3n.jpg
https://static.wixstatic.com/media/11062b_ff94e7c41c3c475b933c8d7835c67ed2~mv2.jpg	Vista%20del%20ala%20del%20avi%C3%B3n.jpg
https://static.wixstatic.com/media/b99928_1701cb938dc0418b8f8ddffc9d10f3ac~mv2.jpeg	f777fb54-feea-497b-9a12-628cb73b7877.jpeg
https://static.wixstatic.com/media/b99928_ce35c6530d9f466aaec7c24ed4b6cef5~mv2.jpeg	IMG_3878.jpeg
https://static.wixstatic.com/media/b99928_665f8b4a036742b59896ab25b10dfa8a~mv2.jpeg	IMG_3879.jpeg
https://static.wixstatic.com/media/b99928_b3772c2ecd1c4adf97425f0b23fb948e~mv2.jpeg	IMG_4062.jpeg
https://static.wixstatic.com/media/b99928_befb0959142e40289a7ccbde2cbe95a7~mv2.jpeg	IMG_4058.jpeg
